{
  "version": 1,
  "author": "MegaTN",
  "editor": "wokwi",
  "parts": [
    { "type": "wokwi-breadboard-mini", "id": "bb1", "top": -145.4, "left": -40.8, "attrs": {} },
    { "type": "board-esp32-devkit-c-v4", "id": "esp", "top": 0, "left": 0, "attrs": {} },
    {
      "type": "wokwi-dht22",
      "id": "dht1",
      "top": 209.1,
      "left": 246,
      "rotate": 180,
      "attrs": { "temperature": "32.9", "humidity": "8.5" }
    },
    {
      "type": "wokwi-led",
      "id": "led1",
      "top": 15.6,
      "left": 157.8,
      "attrs": { "color": "green", "flip": "1" }
    },
    {
      "type": "wokwi-led",
      "id": "led2",
      "top": -3.6,
      "left": 196.2,
      "attrs": { "color": "yellow", "flip": "1" }
    },
    {
      "type": "wokwi-led",
      "id": "led3",
      "top": -22.8,
      "left": 244.2,
      "attrs": { "color": "red", "flip": "1" }
    },
    {
      "type": "wokwi-buzzer",
      "id": "bz1",
      "top": -129.3,
      "left": -242.7,
      "rotate": 270,
      "attrs": { "volume": "0.1" }
    },
    {
      "type": "wokwi-relay-module",
      "id": "relay1",
      "top": 258.6,
      "left": -3.2,
      "rotate": 180,
      "attrs": {}
    },
    {
      "type": "wokwi-led",
      "id": "led4",
      "top": 143.2,
      "left": -94.6,
      "rotate": 270,
      "attrs": { "color": "purple", "flip": "1" }
    },
    {
      "type": "wokwi-resistor",
      "id": "r1",
      "top": -91.75,
      "left": 56.2,
      "rotate": 180,
      "attrs": { "value": "1000" }
    }
  ],
  "connections": [
    [ "esp:TX", "$serialMonitor:RX", "", [] ],
    [ "esp:RX", "$serialMonitor:TX", "", [] ],
    [ "dht1:SDA", "esp:15", "green", [ "v0" ] ],
    [ "led2:A", "esp:21", "green", [ "v0" ] ],
    [ "led3:A", "esp:12", "green", [ "v0" ] ],
    [ "bz1:2", "esp:25", "green", [ "h144", "v192.4" ] ],
    [ "relay1:IN", "esp:27", "green", [ "v-38.2", "h-153.6", "v-115.2" ] ],
    [ "led4:A", "relay1:NC", "green", [ "v0" ] ],
    [ "relay1:COM", "esp:3V3", "red", [ "v-56.2", "h-1.2", "v-201.6" ] ],
    [ "esp:GND.2", "bb1:17b.j", "black", [ "v0" ] ],
    [ "esp:3V3", "bb1:5b.j", "red", [ "h0" ] ],
    [ "dht1:GND", "bb1:17b.i", "black", [ "h-96", "v-249.6" ] ],
    [ "dht1:VCC", "bb1:5b.i", "red", [ "v-21.6", "h-326.4", "v-228", "h48" ] ],
    [ "bz1:1", "bb1:17b.h", "black", [ "h192", "v28.8", "h96" ] ],
    [ "led3:C", "bb1:17b.g", "black", [ "h18.8", "v-76.8" ] ],
    [ "r1:1", "bb1:17t.e", "black", [ "h9.6", "v-9.6" ] ],
    [ "r1:2", "bb1:17b.f", "black", [ "h1.2", "v67.2" ] ],
    [ "led2:C", "bb1:17t.d", "black", [ "h18.8", "v-124.8" ] ],
    [ "led1:C", "bb1:17t.c", "black", [ "h18.8", "v-172.8" ] ],
    [ "relay1:GND", "bb1:17t.b", "black", [ "h19.2", "v-412.4" ] ],
    [ "relay1:VCC", "bb1:5b.h", "red", [ "h28.8", "v-48", "h-201.6", "v-297.6" ] ],
    [ "led4:C", "bb1:5b.g", "red", [ "v-16.4", "h48", "v-204.4" ] ],
    [ "led1:A", "esp:19", "green", [ "v0" ] ]
  ],
  "dependencies": {}
}